Domain,Kingdom,Phylum or Division,Class,Order,Suborder,Superfamily,Family,Subfamily,Tribe or Section,Genus,Specific Epithtet,Infraspecific Epithet,Author,Origin,Suborigin,IUCN Status,Taxon Status,Darwin,Española,Fernandina,Floreana,Genovesa,Isabela,Marchena,Pinta,Pinzón,San Cristóbal,Santa Cruz,Santa Fé,Santiago,Unknown Island,Wolf,Elizabeth Bay/Bahía Elizabeth,Far-northern/Lejano Norte,Northern/Norte,South-eastern/Centro Sur,Unknown Bioregion,Western/Oeste,TaxonID,English Common Name,Spanish Common Name,Local Name,Taxonomic Comments,Distribution Comments,Spanish Distribution Comments,English Comments,Spanish Comments,English Description,Spanish Description
Eukaryota,Animalia,Chordata,Mammalia,Artiodactyla,,,Bovidae,,,Bos,taurus,,"Linnaeus, 1758",In,Es,,1,,,,True,,True,,,,True,True,,,,,,,,True,,True,5204,Cattle,ganado vacuno,,,"Present on Floreana, Isabela, Santa Cruz and San Cristobal",,"The introduction of this species in the Islands began in 1832 in Floreana, later in San Cristobal (1841), Isabela (1850 aprox.) and in Santa Cruz in 1923.","La introduccion de esta especie a las islas comenzo en 1832 en Floreana, luego en San Cristobal (1841), Isabela (1850 aproximadamente) y por ultimo en Santa Cruz en 1923.",,
Eukaryota,Animalia,Chordata,Mammalia,Artiodactyla,,,Bovidae,,,Capra,hircus,,"Linnaeus, 1758",In,Es,,1,,True,,True,,True,True,True,,True,True,True,True,,,,,True,True,,True,5206,Goat,"caprino, chivo, cabra",,,"San Cristobal, Santa Cruz, and Floreana. Eradicated from Isabela, Baltra, Española, Plaza Sur, Santa Fé, Marchena, Rábida, Santiago, and Pinta. Originally from Asia, Iran.",,This species had been reported in the Islands since 1685 on most Islands. However goats were also the first eradicated in the Archipelago.,Esta especie se registro en las islas desde 1685 y su distribucion en un buen numero de islas. Sin embargo fue una de las primeras especies en su erradicacion.,"Goats are small, hoofed herbivores that can be brown to black to white in color. Goats are very agile and can eat almost anything - leaves, twigs, bark, flowers, fruits and roots.","Las cabras son herbívoros pequeños que pueden ser de color marrón, negro a blanco; son animales muy ágiles y  pueden comer cualquier cosa - hojas, ramas, cortezas, flores, frutos y raíces."
Eukaryota,Animalia,Chordata,Mammalia,Artiodactyla,,,Bovidae,,,Ovis,aries,,"Linnaeus, 1758",In,Cu,,1,,,,,,,,,,,True,,,,,,,,True,,,5240,Sheep,Ovejuno,,,"Unknown, however was present on Santa Cruz, San Cristobal and Isabela",,"Unknown the introduction of this species in the Islands, but the first record was in 1984, and unknown as disappeared.","Se desconoce la fecha de introduccion de esta especie en las islas, pero el primer registro fue en 1984. Tambien se desconoce como desaparecio de las islas.",,
Eukaryota,Animalia,Chordata,Mammalia,Artiodactyla,,,Suidae,,,Sus,scrofa,,"Linnaeus, 1758",In,Es,,1,,,,True,,True,,,,True,True,,,,,,,,True,,True,5251,Pig,Porcino,,,"Present on Santa Cruz, San Cristobal, Floreana, Isabela, eradicated on Santiago. Originally from Europe, Continental Asia.",,"This species was introduced in Floreana in 1832, San Cristobal (1835, 1847), Santiago (1875, 1878), Isabela Sur (1897) and in Santa Cruz (1920 aprox.)","Esta especie fue introducida en Floreana en 1832, San Cristobal (1835, 1847), Santiago (1875, 1878), Isabela Sur (1897) y en Santa Cruz (1920 aprox.)","Wild pigs are large mammals which are usually dark in color, with thick hair and a long snout. These pigs can be distinguished from domestic varieties by their lean, muscular body and tusks, as well as a characteristic tuft of coarse hair along the back. Wild pigs are herd animals, and male boars can join a group of 12-15 females during the breeding season, though adult boars are otherwise solitary.","Los cerdos salvajes son normalmente de color oscuro, con el pelo grueso y un hocico largo. Son animales de manada, con un macho unido a un grupo de 12-15 hembras durante la época de reproducción."
Eukaryota,Animalia,Chordata,Mammalia,Carnivora,,,Canidae,,,Canis,lupus,familiaris,"Linnaeus, 1758",In,Es,,1,,,,True,,True,,,,True,True,,,,,,,,True,,True,5205,Dog,"canino, pero",,,"Present on Santa Cruz, San Cristobal, Floreana and Isabela",,"The first record in the Archipelago was on Santiago in 1685. Later was recorded  on Floreana (1832), San Cristóbal (1842, 1847), Isabela (1835, 1868).","El primer registro en el Archipielago fue en Santiago en 1685. Posteriormente fue registrado en Floreana 1832, San Cristobal (1842, 1847), Isabela (1835, 1868).","Domestic dogs are highly variable in shape after thousands of years of human selection to obtain particular characteristics. While domestic dogs are associated with humans, feral domestic dogs are more varied in their behavior, and are often found in groups.","Los perros son muy variables en su forma después de miles de años de selección humana pra obtener caracteristicas particulares. Mientras que los perros domésticos están asociados con los seres humanos, los perros salvajes son muy variados en su comportamiento, y a menudo se encuentra en grupos. Los perros son principalmente carnívoros, pero comen frutas e invertebrados. Pueden reproducirse hasta dos veces por año a partir de 6 meses de edad con 2-12 cachorros por camada."
Eukaryota,Animalia,Chordata,Mammalia,Carnivora,,,Felidae,,,Felis,catus,,"(Schreber, 1775)",In,Es,,1,,,True,True,,True,,,,True,True,,,,,,,,True,,True,5211,Cat,"felino, gato",,,"Eradicated on Baltra. Present on Floreana, San Cristobal, Santa Cruz and Isabela.",,"The first recored was in 1832 in Floreana Island. After were in Isabela, San Cristobal and Santa Cruz with the colonization. The intruduction in Baltra, possibly was in the Second War, and the eradicated in 2004.",El primer registro fue en 1832 en Floreana. Posteriormente en las otras islas cuando estas fueron colonizadas. La introduccion en Baltra posiblemente fue en la segunda guerra mundial y su erradicacion en 2004.,The domestic cat is a small solitary carnivore that is primarily nocturnal. Domestic cats hunt for invertebrates and small vertebrates.,"El gato es un pequeño carnívoro solitario, caza sobre todo por la noche, se alimenta de invertebrados y pequeños vertebrados. Las hembras pueden reproducirse en su primer año, con 2 litros de 4 crías por año."
Eukaryota,Animalia,Chordata,Mammalia,Cetartiodactyla,Cetancodonta,Mysticeti,Balaenopteridae,,,Balaenoptera,acutorostrata,,"Lacépéde, 1804",Na,Va,,1,,,,,,,,,,,True,,,,,,,,True,,,5201,Minke whale,ballena minke,,"Syn.: Agaphelus gibbosus Cope, 1968, Balaena gibbosa Cope, 1868, Balaena microcephala Tomilin, 1957, Balaena minima Rapp, 1837, Balaena minima borealis Knox, 1838, Balaena rostrata Fabricius, 1780 , Balaenoptera acutorostrata thalmaha Deraniyagala, 1963, Balaenoptera acuturostrata Lacépède, 1804 (lapsus calami), Balaenoptera davidsoni Scammon, 1872, Balaenoptera eschrichtius Rasch, 1845 , Balaenoptera microcephala Gray, 1850, Balaenoptera rostrata Van Beneden & Gervais, 1880, Balaenoptera thalmaha, Balaenoptera thalmaha thalmaha Deranyagala, 1963, Pterobalaena minor Eschricht, 1849, Pterobalaena minor bergensis Eschricht, 1849, Pterobalaena minor groenlandica Eschricht, 1849, Pterobalaena nana Barkow, 1862, Pterobalaena nana pentadactyla Barkow, 1862 , Pterobalaena nana tetradactyla Barkow, 1862, Pterobalaena pentadactyla Flower, 1865, Rorqualus minor Hamilton, 1837, Sibbaldius mondinii Capellini, 1877, fide Appeltans et al. (2010)",,,,,,
Eukaryota,Animalia,Chordata,Mammalia,Cetartiodactyla,Cetancodonta,Mysticeti,Balaenopteridae,,,Balaenoptera,borealis,,"Lesson, 1828",Na,Id,,1,,,,,,,,,,,True,,,,,,,,True,,,15554,Sei whale,ballena Sei,,"Syn.: Balaenoptera alba Giglioli, 1870 (synonym), Balaenoptera arctica Temminck, 1841 (synonym), Balaenoptera iwasi Gray, 1846 (synonym), Balaenoptera laticeps Gray, 1846 (synonym), Balaenoptera schlegelii Van Beneden & Gervais, 1880 (synonym), Balaenoptera schlegellii Dabbene, 1902 (synonym), Balena rostrata Rudolphi, 1822 (synonym), Belaenoptera schlegeli Lahille, 1899 (synonym), Pterobalaena alba Giglioli, 1874 (synonym), Pterobalaena schlegeli Tomilin, 1957 (synonym), Pterobalaena schlegeli alba Tomilin, 1957 (synonym), Sibbaldius schlegelii Gray, 1864 (synonym), fide Appeltans et al. (2010)",,,,,,
Eukaryota,Animalia,Chordata,Mammalia,Cetartiodactyla,Cetancodonta,Mysticeti,Balaenopteridae,,,Balaenoptera,edeni,,"Anderson, 1879",Na,Mi,DD,1,,,,,,,,,,,True,,True,,,,,,True,,,5202,Bryde´s whale,ballena de Bryde,,"Syn.: Balaenoptera brydei Olsen, 1913 (Nomen inquirendum), Baloenoptera brydei Cadenat, 1957, fide Appeltans et al. (2010)",,,,,,
Eukaryota,Animalia,Chordata,Mammalia,Cetartiodactyla,Cetancodonta,Mysticeti,Balaenopteridae,,,Balaenoptera,musculus,,"Linnaeus, 1758",Na,Mi,EN,1,,,,,,,,,,,True,,,,,,,,True,,,5203,Blue whale,ballena azul,,"Syn.: Balaena borealis Fischer, 1829 (synonym), Balaena maximus, Balaena musculus Linnaeus, 1758 (basionym), Balaenoptera carolinae Malm, 1866 (synonym), Balaenoptera gigas Reinhardt, 1857 (synonym), Balaenoptera indica Blyth, 1859 (synonym), Balaenoptera jubartes Lacépède, 1804 (synonym), Balaenoptera miramaris Lahille, 1898 (synonym), Balaenoptera sibbaldi Van Beneden, 1887 (synonym), Balaenoptera sibbaldii Flower, 1885 (synonym), Physalus latirostris Flower, 1865 (synonym), Physalus sibbaldii Gray, 1847 (synonym), Pterobalaena gigas Reinhardt, 1857 (synonym), Pterobalaena grypus Munter, 1877 (synonym), Rorqualus boops F. Cuvier, 1836 (synonym), Rorqualus borealis Hamilton, 1837 (synonym), Rorqualus major Knox, 1870 (synonym), Sibbaldius antarcticus Burmeister, 1866 (synonym), Sibbaldius borealis Gray, 1864 (synonym), Sibbaldius musculus Kellogg, 1929 (synonym), fide Appeltans et al. (2010)",,,,,Length up to 26 meters,
Eukaryota,Animalia,Chordata,Mammalia,Cetartiodactyla,Cetancodonta,Mysticeti,Balaenopteridae,,,Balaenoptera,physalus,,"(Linnaeus, 1758)",Na,Id,,1,,,,,,,,,,,True,,,,,,,,True,,,15553,Fin whale,,,"Syn.: Balaena antipodarum Tomilin, 1957 (synonym), Balaena antiquorum Fischer, 1829 (synonym), Balaena boops Linnaeus, 1758 (synonym), Balaena mysticetus major Kerr, 1792 (synonym), Balaena physalis Kerr, 1792 (synonym), Balaena physalus Linnaeus, 1758 (basionym), Balaena quoyi Fischer, 1829 (synonym), Balaena rostrata australis Desmoulins, 1822 (synonym), Balaena sulcata Neill, 1811 (synonym), Balaenoptera antarctica Gray, 1846 (synonym), Balaenoptera aragous Farines & Carcasonne, 1829 (synonym), Balaenoptera australis Gray, 1846 (synonym), Balaenoptera blythii Anderson, 1879 (synonym), Balaenoptera brasiliensis Gray, 1846 (synonym), Balaenoptera gibbar Lacépède, 1804 (synonym), Balaenoptera mediterraneensis Lesson, 1828 (synonym), Balaenoptera mediterranensis Cabrera, 1961 (misspelling), Balaenoptera musculus Van Beneden & Gervais, 1880 (synonym), Balaenoptera patachonica Lahille, 1905 (synonym), Balaenoptera patachonicus Burmeister, 1865 (synonym), Balaenoptera patagonica Dabbene, 1902 (synonym), Balaenoptera quoyii Lonnberg, 1906 (synonym), Balaenoptera rorqual Lacépède, 1804 (synonym), Balaenoptera sulcata arctica Schlegel, 1841 (synonym), Balaenoptera swinhoii Gray, 1866 (synonym), Balaenoptera tenuirostris Sweeting, 1840 (synonym), Balaenoptera velifera Cope, 1869 (synonym), Balaenoptera velifera copei Elliot, 1901 (synonym), Balaenopteris guibusdam Tomilin, 1957 (synonym), Benedenia knoxii Gray, 1864 (synonym), Dubertus rhodinsulensis Tomilin, 1957 (synonym), Physalis vulgaris Fleming, 1828 (synonym), Physalus antarcticus Gray, 1850 (synonym), Physalus australis Gray, 1850 (synonym), Physalus brasiliensis Gray, 1850 (synonym), Physalus dugundii Heddle, 1856 (synonym), Physalus fasciatus Gray, 1850 (synonym), Physalus patachonicus Burmeister, 1866 (synonym), Physalus verus Billberg, 1828 (synonym), Pterobalaena communis Van Beneden, 1857 (synonym), Pterobalaena gigantea michrochira Barkos, 1862 (synonym), Rorqualus musculus F. Cuvier, 1836 (synonym), Sibbaldius tectirostris Cope, 1869 (synonym), Sibbaldius tuberosus Cope, 1869 (synonym), Swinhoia chinensis Gray, 1868 (synonym), fide Appeltans et al. (2010)",,,,,,
Eukaryota,Animalia,Chordata,Mammalia,Cetartiodactyla,Cetancodonta,Mysticeti,Balaenopteridae,,,Megaptera,novaeangliae,,"Borowski, 1781",Na,Mi,LC,1,,,,,,,,,,,True,,,,,,,,True,,,5224,Humpback whale,ballena jorobada,,"Syn.: Balaena allamack Gray, 1846, Balaena atlanticus Hurdis, 1897, Balaena boops Fabricius, 1780, Balaena gibbosa Gray, 1843, Balaena lalandii Fischer, 1829, Balaena longimana Rudolphi, 1832, Balaena nodosa Bonnaterre, 1789, Balaena novaeangliae Borowski, 1781 (basionym), Balaena sulcata antarctica Schlegel, 1841, Balaenoptera antarctica Temminck, 1841, Balaenoptera astrolabe Pucheran, 1843 , Balaenoptera australis Lesson, 1828, Balaenoptera capensis A. Smith, 1834, Balaenoptera leucopteron Lesson, 1842, Balaenoptera syncondylus A. Mueller, 1863, Kyphobalaena keporkak Van Beneden, 1868, Megaptera americana Gray, 1846, Megaptera antarctica Gray, 1846, Megaptera australis Iredale & Troughton, 1934, Megaptera bellicosa Cope, 1871, Megaptera boops Van Beneden & Gervais, 1880, Megaptera brasiliensis True, 1904, Megaptera braziliensis Cope, 1867, Megaptera burmeisteri Burmeister, 1866, Megaptera gigas Cope, 1865, Megaptera indica Gervais, 1883, Megaptera kusira Trouessart, 1904, Megaptera kuzira Gray, 1850, Megaptera lalandii Gray, 1864, Megaptera longimana Gray, 1846, Megaptera longimana morei Gray, 1866, Megaptera longipinna Gray, 1846, Megaptera nodosa Bonnaterre, 1789, Megaptera nodosa Lahille, 1905, Megaptera nodosa bellicosa Elliot, 1904, Megaptera nodosa lalandii Tomilin, 1946, Megaptera nodosa nodosa Tomilin, 1946, Megaptera nodosa novaezealandiae Ivashin, 1958, Megaptera novaezelandiae Gray, 1864, Megaptera osphya Mead & Brownell, 2005, Megaptera osphyia Cope, 1865, Megaptera poescop Gray, 1846, Megaptera versabilis Cope, 1869, Poescopia lalandii Gray, 1866, Rorqualus antarcticus F. Cuvier, 1836, Rorqualus australis Hamilton, 1837, fide Appeltans et al. (2010)",,,,,,
Eukaryota,Animalia,Chordata,Mammalia,Cetartiodactyla,Cetancodonta,Odontoceti,Delphinidae,,,Delphinus,delphis,,"Linnaeus, 1758",Na,Mi,LC,1,,True,True,,,True,,,,True,True,,,,,,,,True,,True,5208,Common dolphin,delfín común de hocico corto,,,,,,,,
Eukaryota,Animalia,Chordata,Mammalia,Cetartiodactyla,Cetancodonta,Odontoceti,Delphinidae,,,Feresa,attenuata,,"Gray, 1846",Na,Va,,1,,,,,,,,,,,True,,,,,,,,True,,,5212,"Pygmy orca, Pygmy killer whale",orca pigmea,,,,,,,,
Eukaryota,Animalia,Chordata,Mammalia,Cetartiodactyla,Cetancodonta,Odontoceti,Delphinidae,,,Globicephala,macrorhynchus,,"Gray, 1846",Na,Mi,DD,1,,,,,,True,,,,,True,,True,,,,,,True,,True,5213,"Short finned pilot whale, shortfin pilot whale",ballena piloto de aleta corta,,,,,,,,
Eukaryota,Animalia,Chordata,Mammalia,Cetartiodactyla,Cetancodonta,Odontoceti,Delphinidae,,,Grampus,griseus,,"Cuvier, 1812",Na,Mi,LC,1,,,,,,,,,,,True,,,,,,,,True,,,5214,Risso´s dolphin,delfín de Risso,,,,,,,,
Eukaryota,Animalia,Chordata,Mammalia,Cetartiodactyla,Cetancodonta,Odontoceti,Delphinidae,,,Lagenodelphis,hosei,,"Fraser, 1956",Na,Va,,1,,,,,,,,,,,True,,,,,,,,True,,,5219,Fraser´s dolphin,delfín de Fraser,,,,,,,,
Eukaryota,Animalia,Chordata,Mammalia,Cetartiodactyla,Cetancodonta,Odontoceti,Delphinidae,,,Orcinus,orca,,"Linnaeus, 1758",Na,Mi,DD,1,,,,,,,,,,,True,,,,,,,,True,,,5237,"Orca, killer whale",orca,,"Syn.: Orcinus glacialis (Berzin & Vladimirov, 1983), Orcinus nanus Mikhalev etal., 1981",,,,,,
Eukaryota,Animalia,Chordata,Mammalia,Cetartiodactyla,Cetancodonta,Odontoceti,Delphinidae,,,Peponocephala,electra,,"(Gray, 1846)",Na,Va,,1,,,,,,,,,,,True,,,,,,,,True,,,5241,Melon-Headed whale,ballena cabeza de melón,,,,,,,,
Eukaryota,Animalia,Chordata,Mammalia,Cetartiodactyla,Cetancodonta,Odontoceti,Delphinidae,,,Pseudorca,crassidens,,"Gould, 1838",Na,Mi,DD,1,,,,,,,,,,,True,,,,,,,,True,,,5243,False Killer Whale,falsa orca,,,,,,,,
Eukaryota,Animalia,Chordata,Mammalia,Cetartiodactyla,Cetancodonta,Odontoceti,Delphinidae,,,Stenella,coeruleoalba,,"Meyen, 1833",Na,Mi,LC,1,,,,,,,True,,,,,,,,,,,True,,,,5248,Striped dolphin,delfín listado,,"Syn.: Stenella euphrosyne Gray, 1846",,,,,,
Eukaryota,Animalia,Chordata,Mammalia,Cetartiodactyla,Cetancodonta,Odontoceti,Delphinidae,,,Stenella,longirostris,,"Gray, 1828",Na,Mi,DD,1,,,,,,,,,,,True,,,,,,,,True,,,5249,Spinner dolphin,delfin tornillo,,,,,,,,
Eukaryota,Animalia,Chordata,Mammalia,Cetartiodactyla,Cetancodonta,Odontoceti,Delphinidae,,,Steno,bredanensis,,"Cuvier, 1828",Na,Va,,1,,,,,,True,,,,,,,,,,,,,,,True,5250,Rough-toothed dolphin,delfín de dientes rugosos,,,,,,,,
Eukaryota,Animalia,Chordata,Mammalia,Cetartiodactyla,Cetancodonta,Odontoceti,Delphinidae,,,Tursiops,truncatus,,"Montagu, 1821",Na,Mi,LC,1,,True,,True,,True,,,,,True,,,,,,,,True,,True,5252,Bottlenose dolphin,delfín nariz de botella,,"Syn.: Tursiops gephyreus Lahille, 1908, Tursiops gilli Dall, 1873, Tursiops nuuanu Andrews, 1911",,,,,,
Eukaryota,Animalia,Chordata,Mammalia,Cetartiodactyla,Cetancodonta,Odontoceti,Physeteridae,,,Kogia,breviceps,,"Blainville, 1838",Na,Va,,1,,,,,,,,,,,True,,,,,,,,True,,,5217,Pygmy sperm whale,cachalote pigmeo,,"Syn.: Cogia breviceps Benham, 1901 (synonym), Euphisetes pottsi Tomilin, 1957 (misspelling), Euphysetes grayii Wall, 1851 (synonym), Euphysetes macleayi Gill, 1871 (synonym), Euphysetes pottsi Haast, 1874 (synonym), Kogia brevirostris Gray, 1865 (synonym), Kogia floweri Gill, 1871 (synonym), Kogia goodei True, 1884 (synonym), Kogia grayi Gill, 1871 (synonym), Kogia greyi Trouessart, 1898 (synonym), Kogia macleayi Gill, 1871 (synonym), Physeter breviceps de Blainville, 1838 (basionym), fide Appeltans et al. (2010)",,,,,,
Eukaryota,Animalia,Chordata,Mammalia,Cetartiodactyla,Cetancodonta,Odontoceti,Physeteridae,,,Kogia,sima,,"Owen, 1866",Na,Va,,1,,,,,,,,,,,True,,,,,,,,True,,,5218,Dwarf sperm whale,Cachalote enano,,,,,,,,
Eukaryota,Animalia,Chordata,Mammalia,Cetartiodactyla,Cetancodonta,Odontoceti,Physeteridae,,,Physeter,macrocephalus,,"Linnaeus, 1758",Na,Mi,VU,1,,,,,,,,,,,True,,,,,,,,True,,,5242,Sperm whale,cachalote,,"Syn.: Physeter catodon Linnaeus, 1758",,,,,,
Eukaryota,Animalia,Chordata,Mammalia,Cetartiodactyla,Cetancodonta,Odontoceti,Ziphiidae,,,Hyperoodon,planifrons,,"Flower, 1882",Na,Va,,1,,,,,,,,,,,True,,,,,,,,True,,,5215,Southern bottle nose whale,ballena nariz de botella,,,,,,,,
Eukaryota,Animalia,Chordata,Mammalia,Cetartiodactyla,Cetancodonta,Odontoceti,Ziphiidae,,,Indopacetus,pacificus,,"Longman, 1926",Na,Va,,1,,,,,,,,,,,True,,,,,,,,True,,,5216,Indo-pacif Beaked whale,ballena picuda de Longman,,,,,,,,
Eukaryota,Animalia,Chordata,Mammalia,Cetartiodactyla,Cetancodonta,Odontoceti,Ziphiidae,,,Mesoplodon,densirostris,,"Blainville, 1871",Na,Va,,1,,,,,,,,,,,True,,,,,,,,True,,,5225,Blainville's Beaked Whale,ballena picuda de Blainville,,"Syn.: Delphinus densirostris Blainville, 1817 (basionym), Nodus densirostris Galbreath, 1963 (synonym), Ziphius sechellensis Gray, 1846 (synonym), fide Appeltans et al. (2010)",,,,,,
Eukaryota,Animalia,Chordata,Mammalia,Cetartiodactyla,Cetancodonta,Odontoceti,Ziphiidae,,,Mesoplodon,ginkgodens,,"Nishiwaki & Kamiya, 1958",Na,Va,,1,,,,,True,,,,,,True,,,,,,,True,True,,,5226,Ginkgo Toothed Beaked Whale,ballena picuda de Ginkgo,,"Syn.: Mesoplodon hotaula Deraniyagala, 1963",,,,,,
Eukaryota,Animalia,Chordata,Mammalia,Cetartiodactyla,Cetancodonta,Odontoceti,Ziphiidae,,,Mesoplodon,peruvianus,,"Reyes, Mead & Van Helden, 1991",Na,Va,,1,,,,,,,,,,,True,,,,,,,,True,,,5227,Lesser Beaked Whale,ballena picuda,,,,,,,,
Eukaryota,Animalia,Chordata,Mammalia,Cetartiodactyla,Cetancodonta,Odontoceti,Ziphiidae,,,Ziphius,cavirostris,,"Cuvier, 1823",Na,Mi,LC,1,,,,,,True,,True,,,True,,,,,,,True,True,,True,5254,Cuvier´s beaked whale,ballena picuda de Cuvier,,"Syn.: Aliama desmarestii Gray, 1864, Aliama indica Gray, 1865, Delphinorhynchus australis Burmeister, 1865, Delphinus desmaresti Risso, 1826, Delphinus philippii Cocco, 1846, Epiodon australe Burmeister, 1867, Epiodon australis Gray, 1871, Epiodon chathamiensis Hector, 1873, Epiodon cryptodon Gray, 1870, Epiodon desmarestii Carus, 1893, Epiodon heraultii Gray, 1872, Epiodon patachonicum Burmeister, 1867, Hyperodon semijunctus Cope, 1865, Hyperondon semijunctus Hall & Kelson, 1959, Hyperoodon capensis Gray, 1865, Hyperoodon desmarestii Gray, 1850, Hyperoodon doumetii Gray, 1850, Hyperoodon gervaisii Duvernoy, 1851, Petrorhynchus capensis Gray, 1865, Petrorhynchus indicus Gray, 1865, Petrorhynchus mediterraneus Gray, 1871, Ziphiorrhynchus cryptodon Burmeister, 1865, Ziphius aresques Gray, 1871, Ziphius australis Trouessart, 1904, Ziphius cavirostris indicus Deraniyagala, 1945, Ziphius chatamensis Lahille, 1899, Ziphius chathamensis Flower, 1885, Ziphius chathamiensis Iredale & Troughton, 1934, Ziphius cryptodon Fischer, 1857, Ziphius decavirostris Gray, 1871, Ziphius grebnitzkii Stejneger, 1883, Ziphius indicus Van Beneden, 1863, Ziphius novaezealandiae Haast, 1876, Ziphius savii Richiardi, 1873, Zyphius chathamensis Moreno, 1895, fide Appeltans et al. (2010)",,,,,,
Eukaryota,Animalia,Chordata,Mammalia,Chiroptera,,,Vespertilionidae,,,Lasiurus,borealis,brachyotis,"(Müller, 1776)",Na,En,NE,1,,,,,,,,,,,True,,,,,,,,True,,,5220,"Red bat, Galápagos bat",Murciélago rojo,,"Syn.: Lasiurus borealis Müller, 1776, Atalapha brachyotis Peters, 1871, Nycteris borealis Borkhausen, 1797",Santa Cruz and San Cristobal Islands. In Floreana Island was recorded a fossil,,,,,
Eukaryota,Animalia,Chordata,Mammalia,Chiroptera,,,Vespertilionidae,,,Lasiurus,cinereus,,"(Palisot de Beauvois, 1796)",Na,Id,LC,1,,,,True,,True,,,,True,True,,True,,,,,,True,,True,5221,Hoary bat,Murciélago negro,,"Syn.: Atalapha cinereus Peters, 1871, Nycteris cinereus Borkhausen, 1797","Present on Santa Cruz, San Cristobal, Floreana, Isabela and Santiago Islands",,,,,
Eukaryota,Animalia,Chordata,Mammalia,Lagomorpha,,,Leporidae,,,Oryctolagus,cuniculus,,"Linnaeus, 1758",In,Cu,,1,,,,,,,,,,True,True,,,,,,,,True,,,5238,Rabit,Conejo doméstico,,,"No recent records, but previously recorded Santa Cruz; still present on San Cristobal (feral and domestic) on farmis in the transition zone",,It was recorded in 1989 on Santa Cruz Island in the farms. No records in the wild. Recorded (feral and domestic) in Transition zone - farms - in 2012.,Este individuo fue registrado en la isla de Santa Cruz en las fincas. No hubo registro de animales ferales. Registro en San Cristobal de individuos ferales y en granjas (Zona de transicion) registrados en 2012.,,
Eukaryota,Animalia,Chordata,Mammalia,Perissodactyla,,,Equidae,,,Equus,asinus,,"Linnaeus, 1758",In,Es,,1,,,,True,,True,,,,True,True,,True,,,,,,True,,True,5209,Donkey,burro,,,"Present on Floreana, San Cristobal, Isabela and Santa Cruz.",,"The first record was in Floreana in 1832 and 1834, San Cristobal in 1847, Isabela in 1897 and later in Santa Cruz with the colonization. Also, in 1875 was introduced in Santiago, but eradicated in 2004 the feral animals.","La introduccion en Floreana fue en 1832 y 1834, en San Cristobal en 1847, en Isabela Sur en 1897 y posteriormente en Santa Cruz con la colonizacion. En 1875 fue en Santiago, pero erradicado como feral en 2004.","'The donkey resembles a small, brown-grey horse with a large head, long ears and a long straight tail. Feral donkeys live in small groups that contain a dominant male and 3-4 females, or in bachelor groups.","El burro se asemeja a un caballo pequeño de café-gris con una cabeza grande, orejas largas y una cola larga y recta. Los burros salvajes viven en pequeños grupos, con un macho dominante y 3-4 unas hembras. También existen grupos de solteros. La hembra produce una cría por año. Los burros son capaces de comer vegetación muy gruesa en las zonas con poca agua."
Eukaryota,Animalia,Chordata,Mammalia,Perissodactyla,,,Equidae,,,Equus,caballus,,"Linnaeus, 1758",In,Ac,,1,,,,True,,True,,,,True,True,,,,,,,,True,,True,5210,Horse,"equino, caballo",,,"Present on Santa Cruz, Isabela, San Cristobal and Floreana",,,,,
Eukaryota,Animalia,Chordata,Mammalia,Pinnipedia,,,Otariidae,,,Arctocephalus,galapagoensis,,"Heller, 1904",Na,En,EN,1,,True,True,,,True,,,,True,,,True,,,,,,True,,True,5200,Galapagos Fur Seal,Lobo marino de dos pelos,,,,,,,,
Eukaryota,Animalia,Chordata,Mammalia,Pinnipedia,,,Otariidae,,,Otaria,flavescens,,"Shaw, 1800",Na,Va,,1,,,,,True,,,True,,,True,,True,,,,,True,True,,,5325,Shouthern Sealion,Lobo marino Sudamericano,,,,,,,,
Eukaryota,Animalia,Chordata,Mammalia,Pinnipedia,,,Otariidae,,,Zalophus,wollebaeki,,"Sivertsen, 1953",Na,En,EN,1,,True,True,True,,True,,True,,True,True,True,True,,,True,,True,True,,True,5253,Galapagos Sea lion,lobo marino de un pelo,lobo marino,"Syn.: Zalophus californianus wollebaeki Sivertsen, 1953",,,,,,
Eukaryota,Animalia,Chordata,Mammalia,Primates,,,Cebidae,,,Saguinus,oedipus,,"Linnaeus, 1758",In,Ic,,1,,,,,,,,,,True,,,,,,,,,True,,,5246,Squirrel Monkey,Mono cabeza de algodón,,,Intercepted on San Cristobal Island.,,,,,
Eukaryota,Animalia,Chordata,Mammalia,Primates,,,Hominidae,,,Homo,sapiens,sapiens,"Linnaeus, 1758",In,Cu,,1,,,,True,,True,,,,True,True,,True,,,,,,True,,True,11002,Modern Human,Humano moderno,,,"Established populations are restricted to towns on Santa Cruz, San Cristobal, Isabela, and Floreana. 170,000 tourists visit the archipelago per year.",,"The human is a large omnivorous bipedal ape, with an enlarged brain case.  A communal, highly adaptable and intelligent species, it is normally monogamous with 1-7 children per pair.",,"The human is a large omnivorous bipedal ape, with an enlarged brain case.  A communal, highly adaptable and intelligent species.","El ser humano es un gran simio omnívoros bípedos, con un cerebro amplio. Una especie que vive en comunidad, altamente adaptable e inteligente, normalmente es monógama, con 1-7 hijos por pareja."
Eukaryota,Animalia,Chordata,Mammalia,Rodentia,,,Caviidae,,,Cavia,porcellus,,"Linnaeus, 1758",In,Ac,,1,,,,,,True,,,,True,True,,,,,,,,True,,True,5207,Guinea pig,cuy,,,"Present on Santa Cruz, San Cristobal and Isabela",,"The first record was in 1984 in the farming area in Santa Cruz Island, San Cristobal and Islabela. No recorded in wildlife. The present population status is unknow.","El primer registro fue en 1984 en la zona de fincas en la Isla Santa Cruz, San Cristobal e Isabela. No existen individuos en estado silvestre. Se desconoce el estado poblacional en la actualidad.",,
Eukaryota,Animalia,Chordata,Mammalia,Rodentia,,,Muridae,,,Aegialomys,bauri,,"(Allen, 1892)",Na,En,VU,1,,,,,,,,,,,,True,,,,,,,True,,,5199,Santa Fe - Rice rat,Rata de Santa Fe,,"Syn.: Oryzomys galapagoensis bauri (Allen, 1892) [previous versions of the checklist erroneoulsy cited this synonym as Oryzomys galapagoensis bauri Wilson & Reeder, 2005, but this name does not exist, instead the species is listed in Wilson & Reeder (2005) who did not publish that name]; Oryzomys bauri Allen, 1892",Present only in Santa Fe Island.,,,,,
Eukaryota,Animalia,Chordata,Mammalia,Rodentia,,,Muridae,,,Aegialomys,galapagoensis,,"(Waterhouse, 1839)",Na,En,EX,1,,,,,,,,,,,True,,,,,,,,True,,,16794,San Cristobal - Rice rat,Rata de San Cristóbal,,"Syn.: Oryzomys galapagoensis (Waterhouse, 1839), Oryzomys galapagoensis galapagoensis Waterhouse, 1839","Extinct in Galapagos, was present in San Cristobal Island.",,,,,
Eukaryota,Animalia,Chordata,Mammalia,Rodentia,,,Muridae,,,Megaoryzomys,curioi,,"Niethammer, 1964",Na,En,EX,1,,,,,,,,,,,True,,,,,,,,True,,,5222,"Santa Cruz and Isabela Galapagos rat, giant Galápagos rice rat",Rata gigante de Santa Cruz e Isabela,,,It was present in Santa Cruz Island,,,,,
Eukaryota,Animalia,Chordata,Mammalia,Rodentia,,,Muridae,,,Megaoryzomys,sp. 1,,,Na,En,EX,3,,,,,,,,,,,True,,,,,,,,True,,,5223,Isabela Galapagos rat,Rata gigante de Isabela,,,It was present in Isabela Island,,,,,
Eukaryota,Animalia,Chordata,Mammalia,Rodentia,,,Muridae,,,Mus,musculus,,"(Linnaeus, 1758)",In,Ac,,1,,,,True,,True,,,,True,True,,True,,,,,,True,,True,5228,House Mouse,Ratón de casa,,,"Santa Cruz, San Cristobal, Floreana, Isabela, Baltra, Santiago, Plaza Sur(?), originally from Central Asia.",,"This species arrived in Galapagos with human colonization, possibly when a ship run aground off the coast.",Posiblemente hubo la introduccion de esta especie al colonizar las islas o al encallar un barco en las costas de las mismas.,"The house mouse is a small rodent, 7 to 10 cm long with a tail much longer than its body. It is often associated with humans. Mice are very territorial, and dominant males are aggressive towards other males.","El ratón doméstico es un pequeño roedor, 7 a 10 cm de largo con una cola mucho más larga que su cuerpo. A menudo se asocia con los seres humanos. Es un omnívoro nocturno, pero prefiere las semillas. Las hembras pueden reproducirse a partir de 6 semanas de edad con 8 camadas por año cada uno que contienen por lo general 6 crias. Los ratones machos son muy territoriales, agresivos y dominantes frente a otros machos."
Eukaryota,Animalia,Chordata,Mammalia,Rodentia,,,Muridae,,,Nesoryzomys,darwini,,"Osgood, 1929",Na,En,EX,1,,,,,,,,,,,True,,,,,,,,True,,,5229,Darwin´s Galapagos mouse,Raton de Darwin,,,"It was present in Santa Cruz Island, and the last collected was in 1930",,,,,
Eukaryota,Animalia,Chordata,Mammalia,Rodentia,,,Muridae,,,Nesoryzomys,fernandinae,,"Hutterer & Hirsch, 1979",Na,En,VU,1,,,True,,,,,,,,,,,,,,,,,,True,5230,"Fernandina Galapagos mouse, Darwin's rice rat",Raton de Fernandina,,,Present in Fernandina Island,,,,,
Eukaryota,Animalia,Chordata,Mammalia,Rodentia,,,Muridae,,,Nesoryzomys,indefessus,,"(Thomas, 1899)",Na,En,EX,1,,,,,,,,,,,True,,,,,,,,True,,,5231,Indefatigable Galapagos mouse,Raton de Santa Cruz,,,It was present in Santa Cruz and Baltra Islands. The last collected were in 1934 and 1929 respectively.,,,,,
Eukaryota,Animalia,Chordata,Mammalia,Rodentia,,,Muridae,,,Nesoryzomys,narboroughi,,"Heller, 1904",Na,En,VU,1,,,True,,,,,,,,,,,,,,,,,,True,5232,Fernandina Rice rat,Rata de Fernandina,,,Present in Fernandina Island,,,,,
Eukaryota,Animalia,Chordata,Mammalia,Rodentia,,,Muridae,,,Nesoryzomys,sp. 1,,,Na,En,EX,3,,,,,,,,,,,True,,,,,,,,True,,,5235,Rabida Galapagos mouse,Raton de Rábida,,,It was present in Rabida Island,,,,,
Eukaryota,Animalia,Chordata,Mammalia,Rodentia,,,Muridae,,,Nesoryzomys,sp. 2,,,Na,En,EX,3,,,,,,,,,,,True,,,,,,,,True,,,5233,Isabela Galapagos mouse 2,Raton de Isabela 2,,,It was present in Isabela Island,,,,,
Eukaryota,Animalia,Chordata,Mammalia,Rodentia,,,Muridae,,,Nesoryzomys,sp. 3,,,Na,En,EX,3,,,,,,,,,,,True,,,,,,,,True,,,5234,Isabela Galapagos mouse 3,Raton de Isabela 3,,,It was present in Isabela Island,,,,,
Eukaryota,Animalia,Chordata,Mammalia,Rodentia,,,Muridae,,,Nesoryzomys,swarthi,,"Orr, 1938",Na,En,VU,1,,,,,,,,,,,,,True,,,,,,True,,,5236,Santiago Galapagos Rice Rat,Rata de Santiago,,,Present in Santiago Island.,,,,,
Eukaryota,Animalia,Chordata,Mammalia,Rodentia,,,Muridae,,,Rattus,norvegicus,,"Berkenhout, 1769",In,Ac,,1,,,,True,,True,,,,True,True,,True,,,,,,True,,True,5244,"Norwegian rat, brown rat",Rata noruega,,,"Santa Cruz, San Cristóbal, Islabela, Floreana, Baltra, Rábida, Santiago.",,"A long slender bodied rodent, greyish-brown in colour with a tail of equal length to its body. Adults live for approximately one year. They are omnivores and will eat almost anything, mostly active at night. However they are not good climbers, and are usually found associated with humans.",,"A large, thickset rat with a long, nearly hairless tail of length equal to or less than the length of its body and relatively small, hairless ears. Coloration is brown on the back and pale gray on the belly.","Un roedor de cuerpo largo delgado, de color marrón grisáceo, con una cola de longitud igual a su cuerpo. Los adultos viven durante aproximadamente un año. Son omnívoros y comen casi cualquier cosa, en su mayoría activos durante la noche. Sin embargo, no son buenos escaladores, y se encuentran generalmente asociados con los seres humanos."
Eukaryota,Animalia,Chordata,Mammalia,Rodentia,,,Muridae,,,Rattus,rattus,,"Linnaeus, 1758",In,Ac,,1,,,True,True,,True,True,,True,True,True,,True,,,,,True,True,,True,5245,Black Rat,Rata negra,,,"Widespread in the archipelago. Present on Santa Cruz, San Cristóbal, Floreana, Isabela, Baltra, Santiago, Pinzón, Bartolome(?). Eradicated on Bainbridge and Seymour Norte?",,"This species arrived in Galapagos with human colonization, possibly when a ship run aground off the coast.",Posiblemente hubo la introduccion de esta especie al colonizar las islas o al encallar un barco en las costas de las mismas.,"A slender and darkly-colored rat with a largely hairless tail that is longer than the body and large, hairless ears. It is smaller than the brown rat and much more agile, with the ability to climb trees. Coloration varies from uniformly black to gray-brown, or gray-brown with a creamy-white belly.","La rata negra es delgada, y negruzco, con una cola más larga que el cuerpo. Es más pequeño que la rata marrón y muy ágil, capaz de subir a los árboles. Este roedor es un omnívoro oportunista nocturna y se encuentra lejos de los seres humanos."
